Date	Price	Open	High	Low	Vol	Change
Jan 01, 2014	110.92	110.92	110.92	110.92	-	0.11%
Dec 31, 2013	110.80	111.18	111.52	110.40	84.99K	-0.37%
Dec 30, 2013	111.21	112.20	112.64	110.90	111.07K	-0.86%
Dec 27, 2013	112.18	111.95	112.80	111.50	126.91K	0.18%
Dec 26, 2013	111.98	111.99	112.12	111.46	43.62K	0.07%
Dec 24, 2013	111.90	111.61	112.06	111.42	52.16K	0.30%
Dec 23, 2013	111.56	111.55	111.93	111.27	103.72K	-0.19%
Dec 20, 2013	111.77	110.09	111.89	109.87	169.48K	1.34%
Dec 19, 2013	110.29	109.25	110.53	109.14	159.79K	0.60%
Dec 18, 2013	109.63	108.33	109.73	107.80	187.96K	1.10%
Dec 17, 2013	108.44	109.20	109.41	108.20	149.78K	-1.84%
Dec 16, 2013	110.47	109.15	110.80	109.00	23.61K	1.51%
Dec 13, 2013	108.83	108.53	109.00	108.02	98.10K	0.15%
Dec 12, 2013	108.67	109.52	109.98	108.44	128.31K	-0.94%
Dec 11, 2013	109.70	109.45	109.89	108.62	158.72K	0.29%
Dec 10, 2013	109.38	109.31	110.45	108.55	230.62K	-0.01%
Dec 09, 2013	109.39	111.69	111.79	109.00	202.85K	-1.99%
Dec 06, 2013	111.61	111.07	112.06	110.94	155.52K	0.57%
Dec 05, 2013	110.98	111.65	112.23	110.76	191.78K	-0.80%
Dec 04, 2013	111.88	112.91	113.02	111.46	235.28K	-0.66%
Dec 03, 2013	112.62	111.53	112.93	111.04	217.61K	1.05%
Dec 02, 2013	111.45	109.60	112.34	109.28	266.95K	1.60%
Nov 29, 2013	109.69	111.04	111.50	109.62	126.88K	-1.06%
Nov 28, 2013	110.86	111.40	111.55	110.61	61.68K	-0.40%
Nov 27, 2013	111.31	111.00	111.65	110.51	193.98K	0.39%
Nov 26, 2013	110.88	111.08	111.49	110.41	199.75K	-0.11%
Nov 25, 2013	111.00	109.00	111.66	108.05	278.78K	-0.05%
Nov 22, 2013	111.05	110.07	111.40	109.65	276.25K	0.88%
Nov 21, 2013	110.08	107.76	110.25	107.62	253.96K	1.87%
Nov 20, 2013	108.06	107.20	108.38	106.51	220.19K	1.07%
Nov 19, 2013	106.92	108.30	108.63	106.81	224.43K	-1.43%
Nov 18, 2013	108.47	108.50	108.73	107.53	185.49K	-0.03%
Nov 15, 2013	108.50	108.38	108.65	107.69	198.64K	-0.04%
Nov 14, 2013	108.54	107.17	108.96	107.15	20.85K	1.33%
Nov 13, 2013	107.12	105.93	107.45	105.89	114.00K	1.24%
Nov 12, 2013	105.81	106.40	107.38	105.51	156.69K	-0.55%
Nov 11, 2013	106.40	105.17	106.56	105.15	172.68K	1.22%
Nov 08, 2013	105.12	103.53	105.38	102.98	242.70K	1.60%
Nov 07, 2013	103.46	105.00	105.21	103.24	291.12K	-1.69%
Nov 06, 2013	105.24	105.64	106.41	104.86	243.84K	-0.09%
Nov 05, 2013	105.33	106.25	106.53	105.19	186.82K	-0.85%
Nov 04, 2013	106.23	105.78	106.58	105.13	230.57K	0.30%
Nov 01, 2013	105.91	109.05	109.41	105.78	298.58K	-2.69%
Oct 31, 2013	108.84	109.69	109.87	108.55	238.84K	-0.93%
Oct 30, 2013	109.86	108.76	110.16	108.59	234.60K	0.78%
Oct 29, 2013	109.01	109.41	109.46	108.45	185.01K	-0.55%
Oct 28, 2013	109.61	107.04	109.68	106.85	266.18K	2.51%
Oct 25, 2013	106.93	107.09	107.39	106.27	212.28K	-0.06%
Oct 24, 2013	106.99	107.65	108.26	106.90	242.30K	-0.75%
Oct 23, 2013	107.80	109.99	110.06	107.35	324.61K	-1.97%
Oct 22, 2013	109.97	109.76	110.94	109.57	238.66K	0.30%
Oct 21, 2013	109.64	109.96	110.19	109.21	190.11K	-0.27%
Oct 18, 2013	109.94	109.13	110.24	108.95	181.54K	0.76%
Oct 17, 2013	109.11	110.57	110.66	108.71	233.73K	-1.58%
Oct 16, 2013	110.86	109.45	111.23	109.45	15.37K	0.82%
Oct 15, 2013	109.96	111.08	111.27	109.53	93.75K	-0.97%
Oct 14, 2013	111.04	110.87	111.41	109.87	106.79K	-0.22%
Oct 11, 2013	111.28	111.65	111.85	110.51	141.35K	-0.47%
Oct 10, 2013	111.80	109.04	112.00	108.92	212.35K	2.51%
Oct 09, 2013	109.06	110.16	110.25	108.12	171.12K	-1.00%
Oct 08, 2013	110.16	109.64	110.80	109.38	163.84K	0.44%
Oct 07, 2013	109.68	109.21	110.17	107.89	227.73K	0.20%
Oct 04, 2013	109.46	108.69	109.77	108.61	144.47K	0.42%
Oct 03, 2013	109.00	108.90	109.85	108.58	212.25K	-0.17%
Oct 02, 2013	109.19	107.55	109.48	107.44	177.15K	1.16%
Oct 01, 2013	107.94	108.38	108.41	106.81	189.65K	-0.40%
Sep 30, 2013	108.37	108.20	108.68	107.22	149.01K	-0.24%
Sep 27, 2013	108.63	109.00	109.67	108.10	190.34K	-0.53%
Sep 26, 2013	109.21	108.00	109.26	108.00	143.12K	0.82%
Sep 25, 2013	108.32	108.73	110.09	107.89	211.60K	-0.29%
Sep 24, 2013	108.64	107.96	108.90	107.43	197.99K	0.44%
Sep 23, 2013	108.16	109.22	109.45	107.76	169.12K	-0.97%
Sep 20, 2013	109.22	108.62	109.67	108.40	160.65K	0.42%
Sep 19, 2013	108.76	110.92	111.26	108.52	201.58K	-1.66%
Sep 18, 2013	110.60	107.85	111.06	107.64	200.71K	2.23%
Sep 17, 2013	108.19	109.50	110.00	107.41	214.35K	-1.71%
Sep 16, 2013	110.07	111.25	111.49	108.73	249.44K	-2.40%
Sep 13, 2013	112.78	112.87	112.91	111.60	18.64K	0.13%
Sep 12, 2013	112.63	111.51	113.05	111.33	93.45K	1.01%
Sep 11, 2013	111.50	111.52	112.49	111.02	109.34K	0.22%
Sep 10, 2013	111.25	113.00	113.55	110.59	176.16K	-2.17%
Sep 09, 2013	113.72	115.93	116.18	113.00	200.57K	-2.07%
Sep 06, 2013	116.12	115.35	116.56	115.02	168.83K	0.75%
Sep 05, 2013	115.26	114.95	115.55	114.29	151.29K	0.30%
Sep 04, 2013	114.91	115.65	116.09	114.40	209.65K	-0.67%
Sep 03, 2013	115.68	114.45	116.00	114.06	234.73K	1.18%
Sep 02, 2013	114.33	114.00	114.57	112.20	90.95K	0.28%
Aug 30, 2013	114.01	114.20	115.53	113.63	245.06K	-1.00%
Aug 29, 2013	115.16	115.86	117.04	114.18	248.52K	-1.24%
Aug 28, 2013	116.61	115.30	117.34	114.81	286.09K	1.97%
Aug 27, 2013	114.36	111.16	115.29	110.73	288.71K	3.28%
Aug 26, 2013	110.73	111.15	111.68	110.50	92.72K	-0.28%
Aug 23, 2013	111.04	109.90	111.23	109.77	219.41K	1.04%
Aug 22, 2013	109.90	109.70	110.15	109.40	154.99K	0.08%
Aug 21, 2013	109.81	110.11	110.28	109.23	195.77K	-0.31%
Aug 20, 2013	110.15	109.67	110.73	108.61	233.19K	0.23%
Aug 19, 2013	109.90	110.53	111.00	109.59	188.06K	-0.45%
Aug 16, 2013	110.40	109.42	110.70	109.17	195.85K	-0.64%
Aug 15, 2013	111.11	110.35	111.53	110.35	19.27K	0.83%
Aug 14, 2013	110.20	109.51	110.36	109.05	97.93K	0.35%
Aug 13, 2013	109.82	109.08	110.06	108.95	112.23K	0.78%
Aug 12, 2013	108.97	108.13	109.13	107.43	147.83K	0.69%
Aug 09, 2013	108.22	106.81	108.32	106.60	148.43K	1.44%
Aug 08, 2013	106.68	107.39	107.86	105.85	175.73K	-0.71%
Aug 07, 2013	107.44	108.07	108.16	107.07	208.43K	-0.68%
Aug 06, 2013	108.18	108.74	109.23	107.46	229.16K	-0.48%
Aug 05, 2013	108.70	109.09	109.44	107.55	168.83K	-0.23%
Aug 02, 2013	108.95	109.52	110.09	108.38	160.76K	-0.54%
Aug 01, 2013	109.54	107.81	109.64	107.52	234.85K	1.71%
Jul 31, 2013	107.70	106.84	107.95	105.73	222.57K	0.74%
Jul 30, 2013	106.91	107.45	107.56	106.54	160.00K	-0.50%
Jul 29, 2013	107.45	107.19	107.89	106.60	178.93K	0.26%
Jul 26, 2013	107.17	107.59	107.79	106.53	119.94K	-0.45%
Jul 25, 2013	107.65	107.11	107.87	106.54	176.11K	0.43%
Jul 24, 2013	107.19	108.44	108.60	106.25	197.80K	-1.13%
Jul 23, 2013	108.42	108.30	108.63	107.56	190.20K	0.25%
Jul 22, 2013	108.15	108.30	108.68	107.55	198.42K	0.07%
Jul 19, 2013	108.07	108.73	109.18	107.01	212.19K	-0.58%
Jul 18, 2013	108.70	108.63	108.87	108.03	196.44K	0.08%
Jul 17, 2013	108.61	107.90	108.74	107.30	183.57K	-0.72%
Jul 16, 2013	109.40	109.05	109.72	108.63	19.97K	0.28%
Jul 15, 2013	109.09	108.99	109.26	107.96	100.86K	0.26%
Jul 12, 2013	108.81	107.33	109.14	107.28	127.81K	1.00%
Jul 11, 2013	107.73	108.24	108.93	107.02	184.69K	-0.72%
Jul 10, 2013	108.51	108.12	108.69	107.71	199.70K	0.65%
Jul 09, 2013	107.81	107.27	108.26	106.85	163.66K	0.35%
Jul 08, 2013	107.43	108.00	108.04	106.79	185.82K	-0.27%
Jul 05, 2013	107.72	105.54	107.88	105.38	233.34K	2.07%
Jul 04, 2013	105.54	105.85	105.99	104.91	81.37K	-0.21%
Jul 03, 2013	105.76	104.18	106.03	104.18	258.39K	1.69%
Jul 02, 2013	104.00	102.92	104.12	102.91	186.52K	0.97%
Jul 01, 2013	103.00	101.90	103.71	101.63	230.92K	0.82%
Jun 28, 2013	102.16	102.76	103.44	101.87	230.25K	-0.64%
Jun 27, 2013	102.82	101.66	103.34	101.66	190.61K	1.14%
Jun 26, 2013	101.66	101.10	101.89	100.25	195.23K	0.40%
Jun 25, 2013	101.26	101.00	102.08	100.70	182.09K	0.10%
Jun 24, 2013	101.16	100.61	101.64	99.67	254.19K	0.25%
Jun 21, 2013	100.91	102.10	103.09	100.04	263.37K	-1.21%
Jun 20, 2013	102.15	105.62	105.62	101.75	301.24K	-3.74%
Jun 19, 2013	106.12	106.10	106.59	105.45	164.86K	0.09%
Jun 18, 2013	106.02	105.66	106.24	105.11	150.87K	0.52%
Jun 17, 2013	105.47	105.77	106.67	105.28	160.18K	-0.43%
Jun 14, 2013	105.93	104.95	106.64	104.46	197.14K	1.61%
Jun 13, 2013	104.25	103.33	104.26	102.75	21.31K	0.73%
Jun 12, 2013	103.49	102.56	104.10	102.23	94.92K	0.51%
Jun 11, 2013	102.96	103.89	103.89	101.82	156.14K	-0.95%
Jun 10, 2013	103.95	104.56	104.76	103.66	159.65K	-0.58%
Jun 07, 2013	104.56	103.65	105.01	102.89	234.18K	0.92%
Jun 06, 2013	103.61	102.94	103.95	102.81	173.41K	0.55%
Jun 05, 2013	103.04	103.48	104.07	102.85	202.95K	-0.19%
Jun 04, 2013	103.24	102.02	103.58	101.47	300.89K	1.16%
Jun 03, 2013	102.06	100.15	102.48	99.66	255.71K	1.66%
May 31, 2013	100.39	102.12	102.38	100.03	215.28K	-1.76%
May 30, 2013	102.19	102.40	102.85	101.08	232.91K	-0.23%
May 29, 2013	102.43	104.32	104.37	102.17	209.65K	-1.73%
May 28, 2013	104.23	102.51	104.69	102.48	195.12K	1.57%
May 27, 2013	102.62	102.52	102.65	102.10	21.12K	-0.02%
May 24, 2013	102.64	102.55	102.79	101.65	136.63K	0.20%
May 23, 2013	102.44	102.25	102.68	100.64	230.37K	-0.16%
May 22, 2013	102.60	103.52	103.79	102.22	207.42K	-1.26%
May 21, 2013	103.91	104.78	105.15	103.51	179.06K	-0.85%
May 20, 2013	104.80	104.75	105.31	103.83	164.96K	0.15%
May 17, 2013	104.64	103.87	104.87	103.35	193.73K	0.81%
May 16, 2013	103.80	103.74	104.40	102.95	26.35K	0.12%
May 15, 2013	103.68	102.70	103.82	101.20	106.54K	1.05%
May 14, 2013	102.60	102.82	103.10	101.96	160.03K	-0.21%
May 13, 2013	102.82	103.26	103.86	102.25	173.55K	-1.05%
May 10, 2013	103.91	104.35	104.45	101.56	215.45K	-0.54%
May 09, 2013	104.47	104.44	104.60	103.45	197.07K	0.12%
May 08, 2013	104.34	104.11	104.80	103.53	229.32K	-0.06%
May 07, 2013	104.40	105.40	105.94	104.00	264.56K	-1.01%
May 06, 2013	105.46	104.25	105.54	103.89	135.08K	1.22%
May 03, 2013	104.19	102.80	104.92	102.37	257.17K	1.30%
May 02, 2013	102.85	99.82	102.98	99.51	287.67K	2.90%
May 01, 2013	99.95	101.82	102.33	98.76	267.10K	-2.36%
Apr 30, 2013	102.37	103.78	104.00	101.48	253.92K	-1.39%
Apr 29, 2013	103.81	102.79	103.94	102.57	200.11K	0.63%
Apr 26, 2013	103.16	103.20	103.48	102.25	196.48K	-0.24%
Apr 25, 2013	103.41	101.80	103.49	101.35	280.40K	1.65%
Apr 24, 2013	101.73	100.34	101.99	100.22	204.01K	1.42%
Apr 23, 2013	100.31	100.56	100.59	98.78	242.74K	-0.08%
Apr 22, 2013	100.39	99.56	101.04	99.20	210.04K	0.74%
Apr 19, 2013	99.65	99.54	100.33	99.04	175.36K	0.52%
Apr 18, 2013	99.13	97.46	99.85	96.75	306.94K	1.47%
Apr 17, 2013	97.69	100.11	100.46	97.26	292.12K	-2.22%
Apr 16, 2013	99.91	99.43	100.37	98.00	328.74K	-0.48%
Apr 15, 2013	100.39	103.03	103.09	100.02	23.65K	-2.64%
Apr 12, 2013	103.11	104.29	104.39	101.09	121.49K	-1.11%
Apr 11, 2013	104.27	105.50	105.94	103.70	116.87K	-1.44%
Apr 10, 2013	105.79	106.19	106.47	105.16	136.06K	-0.41%
Apr 09, 2013	106.23	104.78	106.50	104.27	173.29K	1.50%
Apr 08, 2013	104.66	104.28	105.55	103.40	245.68K	0.52%
Apr 05, 2013	104.12	106.49	106.65	103.62	273.97K	-2.09%
Apr 04, 2013	106.34	107.07	108.06	105.29	284.41K	-0.72%
Apr 03, 2013	107.11	110.28	110.43	106.78	304.65K	-3.23%
Apr 02, 2013	110.69	111.07	111.79	110.00	205.64K	-0.35%
Apr 01, 2013	111.08	110.15	111.33	109.38	102.14K	0.96%
Mar 28, 2013	110.02	109.85	110.10	108.98	164.97K	0.30%
Mar 27, 2013	109.69	109.40	109.98	108.85	217.52K	0.30%
Mar 26, 2013	109.36	108.11	109.59	107.71	207.41K	1.10%
Mar 25, 2013	108.17	106.86	109.07	106.80	199.23K	0.47%
Mar 22, 2013	107.66	107.31	107.96	106.90	174.36K	0.18%
Mar 21, 2013	107.47	108.48	108.75	107.08	190.90K	-1.15%
Mar 20, 2013	108.72	107.59	108.92	107.55	169.06K	1.18%
Mar 19, 2013	107.45	109.41	109.54	107.25	226.68K	-1.88%
Mar 18, 2013	109.51	109.83	109.83	107.78	180.93K	-0.28%
Mar 15, 2013	109.82	109.32	110.53	109.02	186.11K	0.37%
Mar 14, 2013	109.42	108.36	109.98	108.18	18.27K	0.83%
Mar 13, 2013	108.52	109.70	109.89	107.91	106.23K	-1.03%
Mar 12, 2013	109.65	110.13	111.20	109.30	146.00K	-0.52%
Mar 11, 2013	110.22	110.67	110.72	109.53	164.82K	-0.57%
Mar 08, 2013	110.85	110.90	111.33	109.14	228.95K	-0.27%
Mar 07, 2013	111.15	111.08	111.40	110.41	213.07K	0.08%
Mar 06, 2013	111.06	111.83	112.23	110.46	201.77K	-0.49%
Mar 05, 2013	111.61	110.10	111.93	110.10	233.65K	1.38%
Mar 04, 2013	110.09	110.58	110.89	109.58	226.78K	-0.28%
Mar 01, 2013	110.40	110.90	111.36	109.82	251.90K	-0.88%
Feb 28, 2013	111.38	111.95	112.57	110.87	224.45K	-0.44%
Feb 27, 2013	111.87	112.80	113.35	111.65	220.01K	-0.75%
Feb 26, 2013	112.71	113.64	114.34	112.41	257.23K	-1.51%
Feb 25, 2013	114.44	114.19	115.87	113.31	190.54K	0.30%
Feb 22, 2013	114.10	113.60	114.79	113.60	173.50K	0.50%
Feb 21, 2013	113.53	115.20	115.31	113.32	248.79K	-1.79%
Feb 20, 2013	115.60	117.35	117.66	115.02	219.24K	-1.63%
Feb 19, 2013	117.52	117.48	117.60	116.55	134.90K	0.12%
Feb 18, 2013	117.38	117.81	118.19	116.92	60.36K	-0.24%
Feb 15, 2013	117.66	117.96	118.11	116.28	216.48K	-0.29%
Feb 14, 2013	118.00	117.90	118.29	117.25	186.86K	-0.61%
Feb 13, 2013	118.72	118.66	119.12	118.39	27.82K	0.05%
Feb 12, 2013	118.66	118.27	118.90	117.81	98.00K	0.45%
Feb 11, 2013	118.13	118.90	119.07	117.54	141.28K	-0.65%
Feb 08, 2013	118.90	117.48	119.17	117.31	206.48K	1.42%
Feb 07, 2013	117.24	116.90	117.83	116.71	242.30K	0.44%
Feb 06, 2013	116.73	116.45	117.05	115.72	207.78K	0.18%
Feb 05, 2013	116.52	115.47	117.23	115.01	227.10K	0.80%
Feb 04, 2013	115.60	116.50	116.67	115.32	214.96K	-0.99%
Feb 01, 2013	116.76	115.77	117.07	115.40	245.85K	1.05%
Jan 31, 2013	115.55	114.91	115.76	114.28	195.49K	0.57%
Jan 30, 2013	114.90	114.28	115.24	114.07	200.61K	0.47%
Jan 29, 2013	114.36	113.48	114.49	113.07	208.91K	0.78%
Jan 28, 2013	113.48	113.45	113.80	112.60	172.16K	0.18%
Jan 25, 2013	113.28	113.28	113.84	112.83	204.35K	0.00%
Jan 24, 2013	113.28	112.76	113.65	112.40	211.58K	0.43%
Jan 23, 2013	112.80	112.42	113.15	112.06	239.71K	0.34%
Jan 22, 2013	112.42	111.71	112.65	111.35	207.85K	0.64%
Jan 21, 2013	111.71	111.67	111.99	111.41	74.58K	-0.16%
Jan 18, 2013	111.89	111.10	111.97	110.47	182.51K	0.71%
Jan 17, 2013	111.10	109.74	111.38	109.45	206.29K	0.44%
Jan 16, 2013	110.61	110.52	110.84	110.24	19.71K	0.28%
Jan 15, 2013	110.30	111.93	112.46	110.19	101.26K	-1.41%
Jan 14, 2013	111.88	110.62	112.15	110.31	110.23K	1.12%
Jan 11, 2013	110.64	111.95	111.95	109.60	168.07K	-1.12%
Jan 10, 2013	111.89	111.68	113.29	111.60	196.97K	0.12%
Jan 09, 2013	111.76	111.90	112.23	111.11	171.95K	-0.16%
Jan 08, 2013	111.94	111.42	112.47	111.12	194.00K	0.48%
Jan 07, 2013	111.40	111.42	111.69	110.54	203.50K	0.08%
Jan 04, 2013	111.31	111.72	111.78	110.38	191.33K	-0.74%
Jan 03, 2013	112.14	112.20	112.42	111.63	190.29K	-0.29%
Jan 02, 2013	112.47	111.50	112.90	111.27	183.14K	1.22%
Dec 31, 2012	111.11	110.35	111.34	109.38	98.68K	0.44%
Dec 28, 2012	110.62	111.24	111.38	109.83	117.89K	-0.16%
Dec 27, 2012	110.80	110.78	111.33	110.10	104.80K	-0.24%
Dec 26, 2012	111.07	109.15	111.52	109.00	75.29K	2.09%
Dec 24, 2012	108.80	109.02	109.22	108.13	49.45K	-0.16%
Dec 21, 2012	108.97	110.20	110.28	108.66	132.66K	-1.12%
Dec 20, 2012	110.20	110.10	110.66	109.70	136.54K	-0.14%
Dec 19, 2012	110.36	108.90	110.48	108.74	162.39K	1.40%
Dec 18, 2012	108.84	107.98	108.98	107.93	137.27K	1.11%
Dec 17, 2012	107.64	108.30	108.50	107.58	129.07K	-1.38%
Dec 14, 2012	109.15	108.20	109.58	108.20	16.50K	1.15%
Dec 13, 2012	107.91	109.36	109.52	107.80	77.62K	-1.45%
Dec 12, 2012	109.50	108.14	110.50	108.14	169.43K	1.38%
Dec 11, 2012	108.01	107.45	108.37	107.09	160.06K	0.63%
Dec 10, 2012	107.33	107.30	108.54	107.01	168.70K	0.29%
Dec 07, 2012	107.02	107.05	107.89	106.66	181.18K	-0.01%
Dec 06, 2012	107.03	108.63	109.16	106.63	215.28K	-1.64%
Dec 05, 2012	108.81	109.87	110.57	108.64	184.65K	-0.94%
Dec 04, 2012	109.84	110.92	110.92	109.15	213.91K	-0.97%
Dec 03, 2012	110.92	110.96	112.33	110.60	195.73K	-0.28%
Nov 30, 2012	111.23	110.35	111.34	110.25	162.85K	0.42%
Nov 29, 2012	110.76	109.70	111.30	109.45	254.91K	1.14%
Nov 28, 2012	109.51	109.95	110.17	108.44	192.92K	-0.33%
Nov 27, 2012	109.87	111.00	111.36	109.31	178.24K	-0.95%
Nov 26, 2012	110.92	111.16	111.48	110.27	134.49K	-0.41%
Nov 23, 2012	111.38	110.47	111.54	110.10	103.82K	0.75%
Nov 22, 2012	110.55	110.97	111.17	110.11	55.28K	-0.28%
Nov 21, 2012	110.86	110.49	111.46	109.55	192.52K	0.94%
Nov 20, 2012	109.83	111.80	111.85	109.01	236.77K	-1.67%
Nov 19, 2012	111.70	109.20	112.20	109.19	232.66K	2.52%
Nov 16, 2012	108.95	107.69	109.25	107.66	200.90K	-1.83%
Nov 15, 2012	110.98	109.68	111.12	109.66	21.03K	1.25%
Nov 14, 2012	109.61	108.12	110.35	107.80	113.91K	1.25%
Nov 13, 2012	108.26	108.70	108.98	107.38	140.01K	-0.74%
Nov 12, 2012	109.07	109.59	110.39	108.56	180.99K	-0.30%
Nov 09, 2012	109.40	107.15	109.78	106.25	201.02K	2.00%
Nov 08, 2012	107.25	106.92	108.17	106.12	200.13K	0.40%
Nov 07, 2012	106.82	110.83	111.64	106.53	265.33K	-3.83%
Nov 06, 2012	111.07	107.93	111.31	107.13	259.93K	3.10%
Nov 05, 2012	107.73	105.55	108.18	104.76	217.32K	1.94%
Nov 02, 2012	105.68	108.07	108.80	105.50	222.83K	-2.30%
Nov 01, 2012	108.17	108.49	109.03	107.75	205.33K	-0.49%
Oct 31, 2012	108.70	109.14	109.80	108.30	174.27K	-0.35%
Oct 30, 2012	109.08	109.36	110.10	108.65	147.69K	-0.33%
Oct 29, 2012	109.44	109.65	110.26	108.51	170.60K	-0.10%
Oct 26, 2012	109.55	108.49	109.70	107.40	210.56K	0.98%
Oct 25, 2012	108.49	107.59	109.28	107.46	216.60K	0.59%
Oct 24, 2012	107.85	108.31	109.34	106.80	233.37K	-0.37%
Oct 23, 2012	108.25	109.52	109.80	107.31	254.99K	-1.09%
Oct 22, 2012	109.44	109.95	110.97	109.12	218.73K	-0.64%
Oct 19, 2012	110.14	112.26	113.27	109.90	231.13K	-2.03%
Oct 18, 2012	112.42	113.13	113.63	111.57	212.56K	-0.71%
Oct 17, 2012	113.22	113.93	114.31	112.80	197.96K	-1.61%
Oct 16, 2012	115.07	115.72	116.20	114.50	20.62K	-0.63%
Oct 15, 2012	115.80	114.64	115.91	113.58	108.78K	1.03%
Oct 12, 2012	114.62	115.96	115.96	113.94	119.85K	-0.94%
Oct 11, 2012	115.71	114.56	116.02	114.42	144.68K	1.21%
Oct 10, 2012	114.33	114.23	115.59	113.77	180.31K	-0.15%
Oct 09, 2012	114.50	112.22	114.72	111.97	213.79K	2.40%
Oct 08, 2012	111.82	111.99	112.35	110.54	168.66K	-0.18%
Oct 05, 2012	112.02	112.45	113.05	110.54	237.74K	-0.50%
Oct 04, 2012	112.58	108.20	112.69	108.02	240.03K	4.08%
Oct 03, 2012	108.17	111.36	111.36	107.67	240.50K	-3.05%
Oct 02, 2012	111.57	112.28	112.45	111.27	152.72K	-0.55%
Oct 01, 2012	112.19	112.34	113.27	111.47	161.82K	-0.18%
Sep 28, 2012	112.39	112.53	113.40	111.52	184.80K	0.34%
Sep 27, 2012	112.01	110.17	112.50	109.68	226.56K	1.79%
Sep 26, 2012	110.04	109.88	110.23	108.45	198.47K	-0.37%
Sep 25, 2012	110.45	109.93	111.47	109.44	195.94K	0.58%
Sep 24, 2012	109.81	111.50	111.56	108.78	187.25K	-1.44%
Sep 21, 2012	111.42	110.50	111.70	110.08	161.97K	1.26%
Sep 20, 2012	110.03	108.18	110.65	107.10	250.45K	1.70%
Sep 19, 2012	108.19	111.71	112.98	107.40	298.80K	-3.43%
Sep 18, 2012	112.03	113.45	114.42	111.61	212.11K	-1.55%
Sep 17, 2012	113.79	116.67	117.02	111.50	212.97K	-2.46%
Sep 14, 2012	116.66	115.66	117.95	115.58	181.37K	-0.21%
Sep 13, 2012	116.90	115.60	117.48	115.45	25.03K	0.81%
Sep 12, 2012	115.96	115.00	116.67	115.00	135.26K	0.49%
Sep 11, 2012	115.40	114.65	115.46	114.37	151.87K	0.51%
Sep 10, 2012	114.81	114.55	115.05	113.92	149.70K	0.49%
Sep 07, 2012	114.25	112.80	114.65	112.34	227.68K	0.67%
Sep 06, 2012	113.49	113.67	115.15	112.55	234.05K	0.35%
Sep 05, 2012	113.09	114.10	114.38	112.73	229.60K	-0.95%
Sep 04, 2012	114.18	115.51	116.65	113.93	216.75K	-1.38%
Sep 03, 2012	115.78	114.70	115.98	114.03	76.84K	1.06%
Aug 31, 2012	114.57	112.48	114.93	112.36	209.50K	1.70%
Aug 30, 2012	112.65	112.50	113.44	112.25	157.32K	0.10%
Aug 29, 2012	112.54	112.34	113.30	111.50	181.93K	-0.04%
Aug 28, 2012	112.58	112.68	113.10	111.71	191.61K	0.29%
Aug 27, 2012	112.26	113.80	115.50	111.56	171.39K	-1.17%
Aug 24, 2012	113.59	114.59	115.28	113.00	215.53K	-1.23%
Aug 23, 2012	115.01	114.84	116.38	114.33	196.03K	0.09%
Aug 22, 2012	114.91	114.71	115.27	113.53	203.76K	0.24%
Aug 21, 2012	114.64	113.65	115.58	113.65	172.40K	0.83%
Aug 20, 2012	113.70	113.83	114.70	112.87	162.57K	-0.01%
Aug 17, 2012	113.71	114.48	114.77	112.70	178.79K	-2.73%
Aug 16, 2012	116.90	116.55	117.03	115.50	14.43K	0.56%
Aug 15, 2012	116.25	113.94	116.72	113.49	83.42K	1.95%
Aug 14, 2012	114.03	113.47	114.30	113.22	103.78K	0.38%
Aug 13, 2012	113.60	113.40	115.11	113.09	146.51K	0.58%
Aug 10, 2012	112.95	113.28	113.54	111.31	139.05K	-0.24%
Aug 09, 2012	113.22	111.99	113.53	111.60	141.86K	0.96%
Aug 08, 2012	112.14	111.58	113.27	110.85	188.64K	0.12%
Aug 07, 2012	112.00	109.43	112.56	109.13	177.35K	2.24%
Aug 06, 2012	109.55	108.60	109.77	107.90	149.98K	0.56%
Aug 03, 2012	108.94	105.93	109.13	105.80	215.45K	2.87%
Aug 02, 2012	105.90	105.80	107.30	104.97	259.59K	-0.06%
Aug 01, 2012	105.96	104.40	106.92	104.06	206.85K	0.99%
Jul 31, 2012	104.92	106.12	106.52	104.10	210.36K	-1.21%
Jul 30, 2012	106.20	106.37	106.99	105.58	128.63K	-0.25%
Jul 27, 2012	106.47	105.19	106.73	105.02	185.60K	1.15%
Jul 26, 2012	105.26	104.15	106.18	103.47	218.01K	0.84%
Jul 25, 2012	104.38	103.16	104.71	102.10	217.39K	0.93%
Jul 24, 2012	103.42	103.09	104.48	102.53	221.46K	0.15%
Jul 23, 2012	103.26	106.90	106.94	102.42	215.64K	-3.34%
Jul 20, 2012	106.83	107.50	107.70	105.60	168.46K	-0.90%
Jul 19, 2012	107.80	105.32	108.18	105.28	199.49K	2.51%
Jul 18, 2012	105.16	103.58	105.60	103.22	198.74K	1.12%
Jul 17, 2012	104.00	103.32	104.75	102.77	186.28K	0.43%
Jul 16, 2012	103.55	102.76	103.69	102.07	18.63K	1.12%
Jul 13, 2012	102.40	100.53	103.44	100.51	110.86K	1.32%
Jul 12, 2012	101.07	100.64	101.36	98.51	175.04K	0.84%
Jul 11, 2012	100.23	97.97	100.83	97.83	171.82K	2.31%
Jul 10, 2012	97.97	99.50	99.65	97.73	201.85K	-2.34%
Jul 09, 2012	100.32	98.15	101.06	97.92	225.17K	2.17%
Jul 06, 2012	98.19	100.40	100.40	97.73	223.92K	-2.49%
Jul 05, 2012	100.70	99.75	102.34	99.30	314.93K	0.93%
Jul 04, 2012	99.77	100.75	100.95	99.26	79.56K	-0.90%
Jul 03, 2012	100.68	97.24	101.58	97.12	289.69K	3.43%
Jul 02, 2012	97.34	97.60	97.87	95.30	245.47K	-0.47%
Jun 29, 2012	97.80	92.06	98.29	91.73	275.79K	7.05%
Jun 28, 2012	91.36	93.32	93.85	90.88	235.16K	-2.29%
Jun 27, 2012	93.50	92.81	93.95	91.70	231.83K	0.52%
Jun 26, 2012	93.02	91.30	93.25	90.70	236.48K	2.21%
Jun 25, 2012	91.01	91.65	91.75	89.60	211.66K	0.03%
Jun 22, 2012	90.98	89.38	91.70	88.49	238.67K	1.96%
Jun 21, 2012	89.23	92.55	92.76	88.90	351.70K	-3.73%
Jun 20, 2012	92.69	95.71	96.04	92.38	328.77K	-3.21%
Jun 19, 2012	95.76	95.91	96.80	94.44	276.70K	-0.30%
Jun 18, 2012	96.05	98.04	99.50	95.38	233.81K	-1.60%
Jun 15, 2012	97.61	97.90	98.10	96.97	148.88K	0.60%
Jun 14, 2012	97.03	97.20	97.80	96.33	35.17K	-0.10%
Jun 13, 2012	97.13	97.24	98.38	96.67	138.29K	-0.01%
Jun 12, 2012	97.14	96.81	97.97	96.62	245.70K	-0.88%
Jun 11, 2012	98.00	100.24	102.21	96.46	233.78K	-1.48%
Jun 08, 2012	99.47	99.30	99.99	97.19	252.95K	-0.46%
Jun 07, 2012	99.93	100.91	102.45	99.07	284.01K	-0.71%
Jun 06, 2012	100.64	98.90	101.39	98.71	238.42K	1.82%
Jun 05, 2012	98.84	99.16	99.63	97.68	145.83K	-0.01%
Jun 04, 2012	98.85	98.43	99.15	95.63	174.17K	0.43%
Jun 01, 2012	98.43	101.69	101.95	97.54	324.33K	-3.38%
May 31, 2012	101.87	103.23	104.16	101.27	258.76K	-1.55%
May 30, 2012	103.47	106.82	106.82	102.85	225.43K	-3.01%
May 29, 2012	106.68	107.45	107.95	106.06	223.91K	-0.40%
May 28, 2012	107.11	106.83	108.04	106.80	55.58K	0.26%
May 25, 2012	106.83	106.55	107.24	106.02	145.99K	0.26%
May 24, 2012	106.55	106.10	107.25	105.03	191.10K	0.94%
May 23, 2012	105.56	108.11	108.16	105.39	227.01K	-2.63%
May 22, 2012	108.41	109.25	109.36	107.79	180.21K	-0.37%
May 21, 2012	108.81	107.40	109.43	106.75	171.29K	1.56%
May 18, 2012	107.14	106.75	107.99	106.40	206.50K	-0.33%
May 17, 2012	107.49	109.43	110.15	106.58	293.24K	-3.78%
May 16, 2012	111.71	112.02	112.10	110.41	22.42K	-0.47%
May 15, 2012	112.24	111.17	112.67	110.93	146.27K	0.60%
May 14, 2012	111.57	112.07	112.07	110.04	199.08K	-0.61%
May 11, 2012	112.26	112.05	112.80	111.40	189.45K	-0.42%
May 10, 2012	112.73	112.72	113.64	112.12	198.34K	-0.42%
May 09, 2012	113.20	113.05	113.27	111.31	239.78K	0.42%
May 08, 2012	112.73	113.16	113.64	110.53	252.43K	-0.38%
May 07, 2012	113.16	112.80	113.50	110.34	159.88K	-0.02%
May 04, 2012	113.18	115.91	116.29	111.76	323.77K	-2.50%
May 03, 2012	116.08	118.20	118.45	115.92	231.99K	-1.79%
May 02, 2012	118.20	119.70	119.80	117.64	216.22K	-1.22%
May 01, 2012	119.66	119.28	120.02	118.80	160.25K	0.16%
Apr 30, 2012	119.47	119.70	119.79	118.73	174.06K	-0.30%
Apr 27, 2012	119.83	119.60	119.95	119.06	173.89K	-0.08%
Apr 26, 2012	119.92	119.05	120.17	118.78	225.24K	0.67%
Apr 25, 2012	119.12	118.38	119.25	117.45	242.12K	0.81%
Apr 24, 2012	118.16	118.75	118.94	117.85	173.51K	-0.46%
Apr 23, 2012	118.71	118.70	118.91	117.21	203.51K	-0.04%
Apr 20, 2012	118.76	118.01	119.69	117.87	178.70K	0.64%
Apr 19, 2012	118.00	118.15	119.15	117.68	204.71K	0.03%
Apr 18, 2012	117.97	118.45	118.85	116.70	251.11K	-0.68%
Apr 17, 2012	118.78	118.53	119.34	117.98	248.48K	0.08%
Apr 16, 2012	118.68	121.00	121.00	118.20	232.83K	-2.59%
Apr 13, 2012	121.83	121.88	122.00	120.77	15.61K	0.10%
Apr 12, 2012	121.71	120.14	121.92	119.28	125.98K	1.27%
Apr 11, 2012	120.18	119.87	120.80	119.05	178.71K	0.25%
Apr 10, 2012	119.88	122.53	122.83	119.49	223.01K	-2.27%
Apr 09, 2012	122.67	122.85	122.86	121.02	91.96K	-0.62%
Apr 05, 2012	123.43	122.54	123.54	121.80	183.56K	0.89%
Apr 04, 2012	122.34	124.88	124.99	122.30	250.19K	-2.02%
Apr 03, 2012	124.86	125.30	125.97	124.30	197.65K	-0.45%
Apr 02, 2012	125.43	122.94	125.63	121.70	229.53K	2.08%
Mar 30, 2012	122.88	122.60	124.07	122.58	185.19K	0.40%
Mar 29, 2012	122.39	124.23	124.64	121.37	224.42K	-1.43%
Mar 28, 2012	124.16	125.18	125.18	123.53	212.67K	-1.10%
Mar 27, 2012	125.54	125.74	126.18	124.91	211.60K	-0.09%
Mar 26, 2012	125.65	125.04	125.89	124.58	128.77K	0.42%
Mar 23, 2012	125.13	123.30	127.06	123.10	207.43K	1.62%
Mar 22, 2012	123.14	124.04	124.25	122.30	189.19K	-0.85%
Mar 21, 2012	124.20	124.21	124.80	123.76	152.41K	0.06%
Mar 20, 2012	124.12	125.27	125.44	123.20	185.59K	-1.26%
Mar 19, 2012	125.71	125.60	126.05	124.82	128.75K	-0.08%
Mar 16, 2012	125.81	122.55	126.16	122.45	159.88K	1.83%
Mar 15, 2012	123.55	125.12	125.35	120.97	20.33K	-1.14%
Mar 14, 2012	124.97	126.12	126.68	124.64	106.67K	-0.99%
Mar 13, 2012	126.22	125.50	126.79	125.00	133.72K	0.70%
Mar 12, 2012	125.34	125.84	125.98	124.20	151.69K	-0.51%
Mar 09, 2012	125.98	125.48	126.37	124.69	140.59K	0.43%
Mar 08, 2012	125.44	124.05	126.34	123.80	191.53K	1.06%
Mar 07, 2012	124.12	122.19	124.45	121.99	199.25K	1.75%
Mar 06, 2012	121.98	124.39	124.39	121.59	233.27K	-1.47%
Mar 05, 2012	123.80	123.37	124.66	122.66	166.57K	0.12%
Mar 02, 2012	123.65	126.16	126.16	123.12	196.63K	-2.02%
Mar 01, 2012	126.20	123.00	128.40	122.49	260.75K	2.89%
Feb 29, 2012	122.66	121.61	123.20	120.50	243.68K	0.91%
Feb 28, 2012	121.55	123.39	123.95	121.50	195.25K	-2.11%
Feb 27, 2012	124.17	125.25	125.51	123.00	177.94K	-1.04%
Feb 24, 2012	125.47	124.01	125.55	123.30	146.86K	1.50%
Feb 23, 2012	123.62	122.73	124.50	122.10	214.76K	0.59%
Feb 22, 2012	122.90	121.50	123.23	121.00	180.94K	1.02%
Feb 21, 2012	121.66	120.07	121.88	119.21	156.16K	1.34%
Feb 20, 2012	120.05	120.00	121.15	119.80	64.82K	0.39%
Feb 17, 2012	119.58	120.13	120.70	118.85	183.83K	-0.44%
Feb 16, 2012	120.11	118.90	120.38	118.32	205.13K	0.99%
Feb 15, 2012	118.93	117.44	119.99	117.40	223.49K	0.65%
Feb 14, 2012	118.16	117.64	118.28	117.00	24.28K	0.20%
Feb 13, 2012	117.93	117.69	118.61	117.35	120.61K	0.53%
Feb 10, 2012	117.31	118.61	118.61	116.29	169.31K	-1.08%
Feb 09, 2012	118.59	117.70	118.79	117.28	189.77K	1.19%
Feb 08, 2012	117.20	116.01	117.97	115.90	217.97K	0.83%
Feb 07, 2012	116.23	116.64	117.50	115.60	245.84K	0.26%
Feb 06, 2012	115.93	114.58	116.68	113.65	212.32K	1.18%
Feb 03, 2012	114.58	112.50	114.71	111.93	235.99K	2.24%
Feb 02, 2012	112.07	111.51	112.56	111.04	213.05K	0.46%
Feb 01, 2012	111.56	111.30	112.82	111.02	210.93K	0.52%
Jan 31, 2012	110.98	110.98	113.90	110.50	238.21K	0.21%
Jan 30, 2012	110.75	111.50	111.78	110.25	163.79K	-0.64%
Jan 27, 2012	111.46	111.00	111.99	110.49	218.69K	0.60%
Jan 26, 2012	110.79	110.45	111.89	110.27	195.03K	0.89%
Jan 25, 2012	109.81	110.22	110.89	108.91	234.59K	-0.20%
Jan 24, 2012	110.03	110.84	111.11	109.70	178.43K	-0.50%
Jan 23, 2012	110.58	110.04	111.36	109.23	143.54K	0.66%
Jan 20, 2012	109.86	111.53	112.06	109.42	161.67K	-1.52%
Jan 19, 2012	111.55	111.10	111.75	110.37	173.95K	0.80%
Jan 18, 2012	110.66	111.46	112.20	110.33	213.90K	-0.78%
Jan 17, 2012	111.53	111.42	112.76	110.56	189.96K	0.30%
Jan 16, 2012	111.20	110.70	111.67	110.49	15.27K	0.69%
Jan 13, 2012	110.44	111.21	112.50	109.71	108.35K	-0.74%
Jan 12, 2012	111.26	112.84	115.12	110.31	148.85K	-0.87%
Jan 11, 2012	112.24	113.12	113.76	112.11	191.80K	-0.92%
Jan 10, 2012	113.28	112.50	114.01	112.43	186.77K	0.74%
Jan 09, 2012	112.45	113.42	113.88	111.80	203.39K	-0.54%
Jan 06, 2012	113.06	112.85	113.68	112.03	190.83K	0.28%
Jan 05, 2012	112.74	113.50	114.64	112.10	205.41K	-0.84%
Jan 04, 2012	113.70	112.10	113.97	111.27	221.27K	1.40%
Jan 03, 2012	112.13	108.35	112.44	108.35	178.62K	4.42%
Dec 30, 2011	107.38	108.00	108.25	106.62	87.14K	-0.58%
Dec 29, 2011	108.01	107.41	108.10	106.50	108.32K	0.42%
Dec 28, 2011	107.56	108.93	109.50	106.77	114.94K	-1.56%
Dec 27, 2011	109.27	108.16	109.50	107.85	50.68K	1.21%
Dec 23, 2011	107.96	107.77	108.55	107.40	64.61K	0.06%
Dec 22, 2011	107.89	107.92	108.50	107.29	111.16K	0.17%
Dec 21, 2011	107.71	107.15	108.17	106.16	145.09K	0.92%
Dec 20, 2011	106.73	104.30	107.27	103.91	170.24K	2.98%
Dec 19, 2011	103.64	103.63	104.57	102.37	147.88K	0.28%
Dec 16, 2011	103.35	103.51	104.56	102.46	140.08K	-1.66%
Dec 15, 2011	105.09	104.88	106.50	104.88	14.33K	0.07%
Dec 14, 2011	105.02	109.47	109.50	104.36	98.85K	-4.09%
Dec 13, 2011	109.50	107.23	111.10	107.07	156.39K	2.09%
Dec 12, 2011	107.26	108.75	108.75	107.00	141.32K	-1.25%
Dec 09, 2011	108.62	107.66	108.99	107.11	159.31K	0.47%
Dec 08, 2011	108.11	109.60	110.67	107.28	172.10K	-1.30%
Dec 07, 2011	109.53	110.70	111.49	109.00	167.44K	-1.16%
Dec 06, 2011	110.81	109.19	110.96	109.04	135.06K	0.91%
Dec 05, 2011	109.81	110.36	111.62	109.20	145.85K	-0.12%
Dec 02, 2011	109.94	109.09	110.41	108.62	151.95K	0.87%
Dec 01, 2011	108.99	110.75	111.24	108.18	182.39K	-1.38%
Nov 30, 2011	110.52	110.80	112.03	109.65	231.07K	-0.27%
Nov 29, 2011	110.82	108.52	111.00	108.39	223.51K	1.67%
Nov 28, 2011	109.00	106.73	109.49	106.63	209.09K	2.44%
Nov 25, 2011	106.40	107.50	107.79	105.85	128.59K	-1.28%
Nov 24, 2011	107.78	107.20	108.09	107.04	66.69K	0.71%
Nov 23, 2011	107.02	108.61	108.85	106.82	193.01K	-1.84%
Nov 22, 2011	109.03	106.62	109.45	106.62	215.45K	2.01%
Nov 21, 2011	106.88	107.46	107.74	105.65	183.50K	-0.63%
Nov 18, 2011	107.56	107.53	109.99	106.97	207.45K	-0.61%
Nov 17, 2011	108.22	110.85	111.98	107.76	255.72K	-3.27%
Nov 16, 2011	111.88	112.20	112.50	110.14	271.00K	-0.45%
Nov 15, 2011	112.39	112.03	113.14	111.62	20.24K	0.45%
Nov 14, 2011	111.89	114.63	114.83	111.32	122.95K	-1.99%
Nov 11, 2011	114.16	113.07	114.91	113.06	132.50K	0.40%
Nov 10, 2011	113.71	112.33	114.13	111.30	223.77K	1.25%
Nov 09, 2011	112.31	115.42	115.75	111.78	271.93K	-2.34%
Nov 08, 2011	115.00	114.60	116.48	114.20	224.85K	0.38%
Nov 07, 2011	114.56	112.41	115.23	111.26	186.13K	2.31%
Nov 04, 2011	111.97	110.79	112.48	110.30	178.39K	1.03%
Nov 03, 2011	110.83	109.65	111.24	107.83	224.72K	1.36%
Nov 02, 2011	109.34	108.87	111.47	108.56	238.27K	-0.18%
Nov 01, 2011	109.54	109.09	109.68	106.10	239.03K	-0.02%
Oct 31, 2011	109.56	110.13	110.33	108.20	169.59K	-0.32%
Oct 28, 2011	109.91	112.13	112.23	109.65	187.75K	-1.94%
Oct 27, 2011	112.08	109.50	112.79	109.50	238.41K	2.91%
Oct 26, 2011	108.91	110.85	111.78	108.76	205.83K	-1.81%
Oct 25, 2011	110.92	111.55	112.15	109.47	256.19K	-0.48%
Oct 24, 2011	111.45	109.32	111.60	109.32	188.01K	1.73%
Oct 21, 2011	109.56	109.91	111.88	109.25	190.68K	-0.18%
Oct 20, 2011	109.76	108.50	110.17	107.31	277.56K	1.26%
Oct 19, 2011	108.39	111.07	111.85	108.12	250.46K	-2.48%
Oct 18, 2011	111.15	110.16	111.89	108.45	267.36K	0.90%
Oct 17, 2011	110.16	112.46	113.86	109.72	203.73K	-3.94%
Oct 14, 2011	114.68	111.15	114.80	110.96	19.21K	3.21%
Oct 13, 2011	111.11	111.10	111.87	109.07	59.12K	-0.22%
Oct 12, 2011	111.36	110.31	113.00	109.89	126.97K	0.57%
Oct 11, 2011	110.73	108.85	111.24	107.45	180.79K	1.63%
Oct 10, 2011	108.95	106.01	109.50	105.65	162.62K	2.90%
Oct 07, 2011	105.88	105.40	106.64	104.37	170.25K	0.14%
Oct 06, 2011	105.73	102.65	105.88	101.53	192.57K	2.92%
Oct 05, 2011	102.73	101.81	102.84	100.66	215.94K	2.95%
Oct 04, 2011	99.79	100.65	102.41	99.11	264.83K	-1.89%
Oct 03, 2011	101.71	102.00	102.80	100.59	203.33K	-1.02%
Sep 30, 2011	102.76	104.91	104.91	101.78	243.64K	-1.14%
Sep 29, 2011	103.95	103.00	105.82	102.35	220.41K	0.13%
Sep 28, 2011	103.81	106.75	107.41	103.23	207.77K	-3.11%
Sep 27, 2011	107.14	104.77	107.54	104.50	219.79K	3.08%
Sep 26, 2011	103.94	103.61	105.34	101.66	200.58K	-0.03%
Sep 23, 2011	103.97	105.36	107.00	103.43	244.21K	-1.44%
Sep 22, 2011	105.49	109.50	109.50	104.85	305.83K	-4.41%
Sep 21, 2011	110.36	110.25	112.44	108.92	207.91K	-0.16%
Sep 20, 2011	110.54	109.20	111.59	108.70	183.67K	1.28%
Sep 19, 2011	109.14	111.71	112.11	108.70	166.60K	-2.74%
Sep 16, 2011	112.22	112.46	114.25	111.51	219.61K	-2.71%
Sep 15, 2011	115.34	112.41	116.10	111.75	17.01K	2.62%
Sep 14, 2011	112.40	111.93	112.70	110.83	85.04K	0.46%
Sep 13, 2011	111.89	112.85	113.30	111.28	133.94K	-0.32%
Sep 12, 2011	112.25	112.43	113.76	110.42	159.20K	-0.46%
Sep 09, 2011	112.77	114.26	115.17	110.93	202.67K	-1.55%
Sep 08, 2011	114.55	116.05	116.60	113.95	190.73K	-1.08%
Sep 07, 2011	115.80	113.41	116.50	112.70	193.49K	2.58%
Sep 06, 2011	112.89	109.89	113.61	109.85	188.94K	2.55%
Sep 05, 2011	110.08	112.50	112.50	109.90	78.91K	-2.00%
Sep 02, 2011	112.33	114.18	114.58	111.36	227.68K	-1.71%
Sep 01, 2011	114.29	114.85	115.36	113.61	179.42K	-0.49%
Aug 31, 2011	114.85	113.85	115.19	113.52	212.63K	0.73%
Aug 30, 2011	114.02	112.36	114.25	111.16	184.91K	1.91%
Aug 29, 2011	111.88	110.77	112.73	110.53	92.60K	0.47%
Aug 26, 2011	111.36	110.57	111.70	109.30	194.49K	0.67%
Aug 25, 2011	110.62	110.32	111.45	109.00	220.39K	0.43%
Aug 24, 2011	110.15	109.66	111.00	108.71	204.41K	0.77%
Aug 23, 2011	109.31	108.10	110.20	107.20	233.27K	0.88%
Aug 22, 2011	108.36	108.50	108.75	105.15	245.43K	-0.24%
Aug 19, 2011	108.62	106.27	109.40	105.06	253.16K	1.52%
Aug 18, 2011	106.99	110.55	110.75	106.27	260.63K	-3.26%
Aug 17, 2011	110.60	109.58	111.74	109.09	178.71K	1.03%
Aug 16, 2011	109.47	109.48	109.94	108.23	29.20K	-0.40%
Aug 15, 2011	109.91	108.10	110.00	107.40	114.74K	1.74%
Aug 12, 2011	108.03	107.94	109.16	106.86	176.27K	0.01%
Aug 11, 2011	108.02	105.00	108.22	104.43	223.11K	1.26%
Aug 10, 2011	106.68	104.20	107.11	103.41	260.96K	4.01%
Aug 09, 2011	102.57	103.15	105.95	98.74	300.75K	-1.13%
Aug 08, 2011	103.74	108.50	108.50	102.70	243.24K	-5.15%
Aug 05, 2011	109.37	107.25	110.26	104.30	290.61K	1.98%
Aug 04, 2011	107.25	113.50	113.73	107.00	322.55K	-5.28%
Aug 03, 2011	113.23	116.19	116.29	112.84	240.05K	-2.77%
Aug 02, 2011	116.46	117.00	118.40	115.53	210.26K	-0.30%
Aug 01, 2011	116.81	117.00	120.40	114.78	247.67K	0.06%
Jul 29, 2011	116.74	117.17	117.70	115.75	196.46K	-0.53%
Jul 28, 2011	117.36	117.30	118.71	117.05	187.59K	-0.06%
Jul 27, 2011	117.43	118.15	118.50	117.18	177.13K	-0.72%
Jul 26, 2011	118.28	117.65	119.05	116.53	177.47K	0.29%
Jul 25, 2011	117.94	118.36	118.45	116.92	129.31K	-0.62%
Jul 22, 2011	118.67	118.03	118.80	117.35	119.58K	0.99%
Jul 21, 2011	117.51	118.35	119.25	116.62	184.00K	-0.54%
Jul 20, 2011	118.15	117.45	118.86	117.06	161.92K	0.93%
Jul 19, 2011	117.06	116.50	118.45	116.09	192.54K	0.87%
Jul 18, 2011	116.05	117.55	117.80	114.66	152.09K	-1.03%
Jul 15, 2011	117.26	116.23	117.75	115.16	143.92K	-0.90%
Jul 14, 2011	118.32	118.53	119.40	117.73	17.51K	-0.39%
Jul 13, 2011	118.78	116.95	119.86	116.71	107.67K	0.87%
Jul 12, 2011	117.75	117.22	117.83	114.95	150.99K	0.44%
Jul 11, 2011	117.24	118.27	118.40	115.22	179.64K	-0.92%
Jul 08, 2011	118.33	118.51	119.87	116.88	217.55K	-0.22%
Jul 07, 2011	118.59	114.40	118.70	113.75	215.11K	4.37%
Jul 06, 2011	113.62	113.51	114.32	111.91	183.53K	0.01%
Jul 05, 2011	113.61	111.55	114.44	110.45	188.86K	1.99%
Jul 04, 2011	111.39	111.30	112.16	111.02	44.89K	-0.34%
Jul 01, 2011	111.77	111.80	112.48	109.50	158.45K	-0.63%
Jun 30, 2011	112.48	112.30	113.24	110.72	193.59K	0.07%
Jun 29, 2011	112.40	108.65	112.67	108.10	230.75K	3.33%
Jun 28, 2011	108.78	106.76	109.05	105.35	212.67K	2.63%
Jun 27, 2011	105.99	105.36	106.74	102.28	204.81K	0.83%
Jun 24, 2011	105.12	108.59	108.70	103.62	264.61K	-2.00%
Jun 23, 2011	107.26	113.19	113.40	105.72	463.81K	-6.09%
Jun 22, 2011	114.21	110.97	114.48	110.35	220.84K	2.94%
Jun 21, 2011	110.95	111.54	113.10	109.92	230.17K	-0.66%
Jun 20, 2011	111.69	112.96	113.38	111.23	180.22K	-1.34%
Jun 17, 2011	113.21	114.21	114.31	111.05	213.26K	-0.71%
Jun 16, 2011	114.02	113.72	114.94	112.55	229.65K	-2.63%
Jun 15, 2011	117.10	120.22	121.47	116.80	23.99K	-2.55%
Jun 14, 2011	120.16	118.70	120.75	118.56	155.48K	0.89%
Jun 13, 2011	119.10	118.46	120.25	117.12	232.15K	0.27%
Jun 10, 2011	118.78	119.53	120.07	117.63	186.22K	-0.66%
Jun 09, 2011	119.57	117.80	119.86	117.37	233.05K	1.46%
Jun 08, 2011	117.85	116.89	118.59	115.75	252.41K	0.92%
Jun 07, 2011	116.78	114.30	117.43	113.80	237.25K	2.01%
Jun 06, 2011	114.48	115.96	116.14	113.96	154.18K	-1.17%
Jun 03, 2011	115.84	115.66	116.25	113.40	194.13K	0.26%
Jun 02, 2011	115.54	114.33	115.95	113.74	217.54K	0.88%
Jun 01, 2011	114.53	117.07	117.28	113.84	191.59K	-1.88%
May 31, 2011	116.73	114.52	117.49	114.50	168.24K	1.79%
May 30, 2011	114.68	114.87	115.00	114.24	18.83K	-0.30%
May 27, 2011	115.03	114.94	115.68	114.40	136.99K	-0.02%
May 26, 2011	115.05	114.73	115.47	114.10	193.65K	0.10%
May 25, 2011	114.93	112.00	115.07	111.14	225.72K	2.13%
May 24, 2011	112.53	109.54	112.65	109.50	193.63K	2.21%
May 23, 2011	110.10	112.12	112.23	108.58	191.50K	-2.04%
May 20, 2011	112.39	111.66	112.88	108.60	214.85K	0.87%
May 19, 2011	111.42	112.50	113.04	111.16	163.74K	-0.78%
May 18, 2011	112.30	110.56	113.10	110.42	182.84K	2.10%
May 17, 2011	109.99	110.42	111.82	108.07	226.25K	-2.43%
May 16, 2011	112.73	113.56	114.00	112.00	28.09K	-0.97%
May 13, 2011	113.83	113.10	114.92	111.72	165.42K	0.75%
May 12, 2011	112.98	113.23	114.56	110.15	247.29K	0.36%
May 11, 2011	112.57	117.87	118.43	111.95	282.89K	-4.30%
May 10, 2011	117.63	115.40	117.95	113.58	267.71K	1.49%
May 09, 2011	115.90	110.20	116.52	109.05	326.04K	6.20%
May 06, 2011	109.13	111.77	114.24	105.15	427.37K	-1.51%
May 05, 2011	110.80	120.50	121.96	109.02	403.81K	-8.57%
May 04, 2011	121.19	122.14	123.06	120.49	221.79K	-1.03%
May 03, 2011	122.45	124.30	125.02	121.75	194.44K	-2.13%
May 02, 2011	125.12	126.10	126.54	121.67	131.02K	-0.61%
Apr 29, 2011	125.89	124.90	126.10	124.25	78.86K	0.70%
Apr 28, 2011	125.02	125.30	126.66	124.07	192.58K	-0.09%
Apr 27, 2011	125.13	123.90	125.80	123.25	209.51K	0.80%
Apr 26, 2011	124.14	123.45	124.40	122.78	143.81K	0.39%
Apr 25, 2011	123.66	123.99	124.75	122.71	71.95K	-0.27%
Apr 21, 2011	123.99	123.85	124.81	123.20	133.92K	0.11%
Apr 20, 2011	123.85	121.22	124.23	121.10	168.57K	2.08%
Apr 19, 2011	121.33	121.77	122.29	119.03	228.89K	-0.23%
Apr 18, 2011	121.61	123.15	123.66	121.00	158.61K	-1.49%
Apr 15, 2011	123.45	122.40	124.02	121.59	143.88K	0.89%
Apr 14, 2011	122.36	123.21	123.40	121.90	28.24K	-0.42%
Apr 13, 2011	122.88	120.80	123.26	120.20	118.99K	1.62%
Apr 12, 2011	120.92	123.34	125.38	120.00	207.26K	-2.47%
Apr 11, 2011	123.98	126.58	127.02	123.00	169.92K	-2.11%
Apr 08, 2011	126.65	122.45	126.91	122.28	153.92K	3.24%
Apr 07, 2011	122.67	122.35	122.89	121.38	155.32K	0.30%
Apr 06, 2011	122.30	121.72	123.37	121.36	154.92K	0.07%
Apr 05, 2011	122.22	120.81	122.89	119.95	199.75K	0.96%
Apr 04, 2011	121.06	119.05	121.29	118.75	172.88K	1.99%
Apr 01, 2011	118.70	117.61	119.14	116.75	184.82K	1.14%
Mar 31, 2011	117.36	115.30	117.70	115.11	178.84K	1.94%
Mar 30, 2011	115.13	115.11	115.70	114.50	123.19K	-0.03%
Mar 29, 2011	115.16	114.68	115.64	113.52	155.80K	0.31%
Mar 28, 2011	114.80	115.75	116.00	114.55	138.66K	-0.68%
Mar 25, 2011	115.59	115.73	116.13	115.20	114.22K	-0.11%
Mar 24, 2011	115.72	115.38	115.92	114.50	165.37K	0.15%
Mar 23, 2011	115.55	115.90	116.40	115.07	133.35K	-0.13%
Mar 22, 2011	115.70	114.98	116.09	114.15	149.46K	0.64%
Mar 21, 2011	114.96	114.75	116.22	114.60	161.34K	0.90%
Mar 18, 2011	113.93	115.50	117.29	113.07	235.37K	-0.84%
Mar 17, 2011	114.90	110.24	115.50	109.45	184.24K	3.87%
Mar 16, 2011	110.62	108.25	111.76	107.35	23.23K	1.94%
Mar 15, 2011	108.52	113.82	113.82	107.88	101.15K	-4.53%
Mar 14, 2011	113.67	113.60	114.18	111.16	125.65K	-0.15%
Mar 11, 2011	113.84	115.01	115.68	112.25	165.97K	-1.38%
Mar 10, 2011	115.43	116.12	116.55	113.52	201.42K	-0.44%
Mar 09, 2011	115.94	112.95	116.18	112.16	191.32K	2.55%
Mar 08, 2011	113.06	114.80	115.29	112.13	227.05K	-1.72%
Mar 07, 2011	115.04	116.12	118.50	114.50	205.26K	-0.80%
Mar 04, 2011	115.97	114.85	116.49	114.79	167.59K	1.03%
Mar 03, 2011	114.79	116.65	116.90	113.09	213.74K	-1.34%
Mar 02, 2011	116.35	116.20	117.81	114.53	208.29K	0.81%
Mar 01, 2011	115.42	111.90	116.76	111.80	194.43K	3.24%
Feb 28, 2011	111.80	112.50	114.50	111.25	172.91K	-0.30%
Feb 25, 2011	112.14	111.40	113.91	110.52	178.32K	0.70%
Feb 24, 2011	111.36	111.98	119.79	109.60	305.89K	0.10%
Feb 23, 2011	111.25	106.10	112.46	105.97	258.62K	5.17%
Feb 22, 2011	105.78	107.90	108.57	105.56	248.65K	0.04%
Feb 21, 2011	105.74	102.96	108.70	102.93	128.96K	3.14%
Feb 18, 2011	102.52	102.97	103.50	100.73	209.58K	-0.07%
Feb 17, 2011	102.59	104.16	104.30	102.37	210.88K	-1.15%
Feb 16, 2011	103.78	101.75	104.52	101.73	208.42K	2.11%
Feb 15, 2011	101.64	103.11	104.04	101.30	184.71K	-1.40%
Feb 14, 2011	103.08	101.13	104.30	100.91	191.74K	1.63%
Feb 11, 2011	101.43	101.56	102.03	100.43	18.90K	0.56%
Feb 10, 2011	100.87	101.95	102.88	100.48	130.45K	-0.93%
Feb 09, 2011	101.82	100.34	102.25	100.03	136.43K	1.90%
Feb 08, 2011	99.92	99.30	100.42	97.51	202.99K	0.68%
Feb 07, 2011	99.25	99.83	100.90	98.77	193.65K	-0.58%
Feb 04, 2011	99.83	101.86	102.48	99.48	173.53K	-1.90%
Feb 03, 2011	101.76	102.62	103.37	101.41	162.56K	-0.57%
Feb 02, 2011	102.34	101.70	102.59	101.29	182.25K	0.59%
Feb 01, 2011	101.74	101.01	102.08	100.19	181.78K	0.72%
Jan 31, 2011	101.01	99.61	101.73	98.50	197.71K	1.60%
Jan 28, 2011	99.42	97.44	99.74	97.14	234.92K	2.08%
Jan 27, 2011	97.39	98.15	98.95	97.15	201.58K	-0.53%
Jan 26, 2011	97.91	95.39	98.34	95.29	205.11K	2.79%
Jan 25, 2011	95.25	96.39	96.68	94.75	229.71K	-1.41%
Jan 24, 2011	96.61	97.59	98.17	96.23	193.78K	-1.01%
Jan 21, 2011	97.60	96.34	97.86	96.26	161.78K	1.06%
Jan 20, 2011	96.58	97.88	98.14	95.43	218.20K	-1.61%
Jan 19, 2011	98.16	97.75	98.60	97.55	181.44K	0.37%
Jan 18, 2011	97.80	97.40	98.37	96.60	203.40K	0.38%
Jan 17, 2011	97.43	98.33	98.75	97.40	85.29K	-1.27%
Jan 14, 2011	98.68	98.44	99.20	97.74	20.65K	0.63%
Jan 13, 2011	98.06	98.22	98.67	97.30	96.06K	-0.06%
Jan 12, 2011	98.12	97.64	98.85	97.28	158.64K	0.52%
Jan 11, 2011	97.61	95.63	97.82	95.08	160.42K	2.00%
Jan 10, 2011	95.70	93.80	95.88	93.60	165.99K	2.54%
Jan 07, 2011	93.33	94.38	94.58	92.59	165.97K	-1.26%
Jan 06, 2011	94.52	95.70	96.12	94.01	217.45K	-1.03%
Jan 05, 2011	95.50	93.35	95.86	92.37	212.40K	2.11%
Jan 04, 2011	93.53	94.92	95.74	92.58	184.63K	-1.38%
